datetime,open,high,low,close
2026-01-02 00:00:00,4386.0,4395.0,4383.5,4394.10009765625
2026-01-02 01:00:00,4393.5,4394.0,4386.10009765625,4387.60009765625
2026-01-02 02:00:00,4387.60009765625,4395.5,4384.2001953125,4394.7001953125
2026-01-02 03:00:00,4394.60009765625,4409.5,4392.60009765625,4399.2001953125
2026-01-02 04:00:00,4398.89990234375,4404.0,4395.60009765625,4397.5
2026-01-02 05:00:00,4397.60009765625,4410.7998046875,4396.7001953125,4408.7001953125
2026-01-02 06:00:00,4408.39990234375,4411.7998046875,4403.0,4405.5
2026-01-02 07:00:00,4405.2001953125,4410.7001953125,4397.39990234375,4407.0
2026-01-02 08:00:00,4407.0,4414.7998046875,4373.60009765625,4377.60009765625
2026-01-02 09:00:00,4377.7998046875,4385.7998046875,4359.2001953125,4364.7001953125
2026-01-02 10:00:00,4364.7001953125,4368.7001953125,4341.39990234375,4346.5
2026-01-02 11:00:00,4346.7001953125,4348.60009765625,4325.2998046875,4337.5
2026-01-02 12:00:00,4337.10009765625,4344.5,4332.89990234375,4332.89990234375
2026-01-02 13:00:00,4333.0,4334.10009765625,4319.7001953125,4325.2998046875
2026-01-02 14:00:00,4325.5,4336.2001953125,4325.5,4328.10009765625
2026-01-02 15:00:00,4328.2998046875,4341.39990234375,4327.39990234375,4341.2998046875
2026-01-02 16:00:00,4341.39990234375,4342.7001953125,4329.60009765625,4329.60009765625
2026-01-04 18:00:00,4368.7998046875,4385.39990234375,4363.2998046875,4381.39990234375
2026-01-04 19:00:00,4381.89990234375,4406.39990234375,4379.2998046875,4404.5
2026-01-04 20:00:00,4404.60009765625,4430.7001953125,4400.39990234375,4411.10009765625
2026-01-04 21:00:00,4411.39990234375,4418.7998046875,4397.10009765625,4415.0
2026-01-04 22:00:00,4414.7998046875,4423.2001953125,4408.5,4408.7998046875
2026-01-04 23:00:00,4408.60009765625,4417.7998046875,4406.10009765625,4415.10009765625
2026-01-05 00:00:00,4413.39990234375,4423.60009765625,4410.0,4421.39990234375
2026-01-05 01:00:00,4421.10009765625,4436.10009765625,4420.2998046875,4429.7001953125
2026-01-05 02:00:00,4429.89990234375,4434.89990234375,4426.2998046875,4431.2001953125
2026-01-05 03:00:00,4431.39990234375,4444.0,4429.2001953125,4439.89990234375
2026-01-05 04:00:00,4439.7998046875,4449.10009765625,4436.7998046875,4445.89990234375
2026-01-05 05:00:00,4446.0,4451.7001953125,4441.60009765625,4447.39990234375
2026-01-05 06:00:00,4447.7001953125,4448.7998046875,4422.2001953125,4430.7001953125
2026-01-05 07:00:00,4430.5,4433.0,4416.7001953125,4421.39990234375
2026-01-05 08:00:00,4421.5,4430.60009765625,4407.0,4428.7998046875
2026-01-05 09:00:00,4429.0,4454.2998046875,4428.2998046875,4447.7998046875
2026-01-05 10:00:00,4448.2001953125,4467.60009765625,4445.60009765625,4459.0
2026-01-05 11:00:00,4458.7998046875,4465.7998046875,4448.89990234375,4452.7001953125
2026-01-05 12:00:00,4452.89990234375,4459.60009765625,4443.2001953125,4454.2001953125
2026-01-05 13:00:00,4453.89990234375,4459.7001953125,4450.39990234375,4459.7001953125
2026-01-05 14:00:00,4459.89990234375,4461.0,4445.60009765625,4450.89990234375
2026-01-05 15:00:00,4450.7001953125,4458.0,4448.2998046875,4454.89990234375
2026-01-05 16:00:00,4455.10009765625,4460.7998046875,4453.7998046875,4459.7001953125
2026-01-05 18:00:00,4459.7998046875,4471.60009765625,4447.0,4450.7001953125
2026-01-05 19:00:00,4450.60009765625,4455.60009765625,4440.7001953125,4447.39990234375
2026-01-05 20:00:00,4447.39990234375,4462.2001953125,4437.89990234375,4460.0
2026-01-05 21:00:00,4460.10009765625,4472.0,4458.10009765625,4464.89990234375
2026-01-05 22:00:00,4464.7998046875,4478.89990234375,4464.2001953125,4478.2998046875
2026-01-05 23:00:00,4478.2998046875,4479.39990234375,4472.10009765625,4478.0
2026-01-06 00:00:00,4477.89990234375,4485.2001953125,4460.2001953125,4463.2998046875
2026-01-06 01:00:00,4463.2998046875,4476.89990234375,4462.39990234375,4475.60009765625
2026-01-06 02:00:00,4475.5,4480.5,4466.7998046875,4469.2998046875
2026-01-06 03:00:00,4468.5,4486.0,4466.89990234375,4478.7998046875
2026-01-06 04:00:00,4479.0,4479.2001953125,4454.7001953125,4456.5
2026-01-06 05:00:00,4456.2001953125,4466.0,4452.5,4461.7001953125
2026-01-06 06:00:00,4461.7001953125,4475.2998046875,4458.39990234375,4474.10009765625
2026-01-06 07:00:00,4474.10009765625,4477.2001953125,4469.2998046875,4474.39990234375
2026-01-06 08:00:00,4474.2001953125,4481.0,4464.10009765625,4478.2001953125
2026-01-06 09:00:00,4478.39990234375,4500.7001953125,4474.7001953125,4498.2998046875
2026-01-06 10:00:00,4498.0,4501.7998046875,4474.39990234375,4488.5
2026-01-06 11:00:00,4488.39990234375,4499.7001953125,4481.7001953125,4498.7001953125
2026-01-06 12:00:00,4498.7001953125,4501.60009765625,4493.7001953125,4499.89990234375
2026-01-06 13:00:00,4499.7998046875,4503.7001953125,4492.2001953125,4500.0
2026-01-06 14:00:00,4497.7998046875,4498.39990234375,4488.0,4492.2001953125
2026-01-06 15:00:00,4492.10009765625,4504.7001953125,4491.60009765625,4504.2001953125
2026-01-06 16:00:00,4504.10009765625,4508.2998046875,4502.39990234375,4505.7001953125
2026-01-06 18:00:00,4505.39990234375,4512.39990234375,4503.39990234375,4504.60009765625
2026-01-06 19:00:00,4504.7998046875,4506.39990234375,4493.2001953125,4502.89990234375
2026-01-06 20:00:00,4503.2001953125,4506.89990234375,4471.89990234375,4476.5
2026-01-06 21:00:00,4476.39990234375,4490.5,4471.2998046875,4486.0
2026-01-06 22:00:00,4486.0,4491.5,4482.7001953125,4485.7001953125
2026-01-06 23:00:00,4485.60009765625,4487.0,4473.5,4474.39990234375
2026-01-07 00:00:00,4474.7001953125,4480.60009765625,4453.39990234375,4464.10009765625
2026-01-07 01:00:00,4464.10009765625,4470.2001953125,4451.5,4454.7998046875
2026-01-07 02:00:00,4454.39990234375,4475.2001953125,4452.0,4470.7998046875
2026-01-07 03:00:00,4470.7001953125,4485.0,4468.89990234375,4478.2998046875
2026-01-07 04:00:00,4477.89990234375,4478.5,4469.2001953125,4473.60009765625
2026-01-07 05:00:00,4473.2001953125,4477.7001953125,4468.2001953125,4474.2001953125
2026-01-07 06:00:00,4474.2998046875,4474.7998046875,4456.2001953125,4456.89990234375
2026-01-07 07:00:00,4457.2998046875,4464.2001953125,4448.60009765625,4454.5
2026-01-07 08:00:00,4454.2998046875,4463.0,4436.60009765625,4462.89990234375
2026-01-07 09:00:00,4462.7001953125,4464.10009765625,4445.5,4454.60009765625
2026-01-07 10:00:00,4454.60009765625,4462.5,4432.89990234375,4456.60009765625
2026-01-07 11:00:00,4456.2998046875,4478.39990234375,4453.7998046875,4474.2001953125
2026-01-07 12:00:00,4474.10009765625,4475.5,4459.39990234375,4461.7998046875
2026-01-07 13:00:00,4461.60009765625,4468.7998046875,4457.2001953125,4461.60009765625
2026-01-07 14:00:00,4461.7001953125,4467.7998046875,4455.0,4466.7998046875
2026-01-07 15:00:00,4466.7998046875,4471.5,4460.7001953125,4462.60009765625
2026-01-07 16:00:00,4462.5,4467.10009765625,4459.89990234375,4467.10009765625
2026-01-07 18:00:00,4467.10009765625,4473.2001953125,4467.10009765625,4472.2001953125
2026-01-07 19:00:00,4472.0,4475.2001953125,4455.10009765625,4459.0
2026-01-07 20:00:00,4458.60009765625,4469.39990234375,4450.2001953125,4457.10009765625
2026-01-07 21:00:00,4457.10009765625,4458.2998046875,4441.7001953125,4449.7001953125
2026-01-07 22:00:00,4450.10009765625,4455.39990234375,4445.5,4448.2001953125
2026-01-07 23:00:00,4448.2998046875,4448.7001953125,4438.39990234375,4440.60009765625
2026-01-08 00:00:00,4439.7998046875,4441.0,4423.60009765625,4433.60009765625
2026-01-08 01:00:00,4433.39990234375,4445.7001953125,4423.7001953125,4441.5
2026-01-08 02:00:00,4441.39990234375,4448.39990234375,4436.10009765625,4438.60009765625
2026-01-08 03:00:00,4438.5,4441.39990234375,4427.39990234375,4439.39990234375
2026-01-08 04:00:00,4439.2001953125,4443.2998046875,4433.5,4440.2998046875
2026-01-08 05:00:00,4440.2998046875,4443.0,4430.60009765625,4441.60009765625
2026-01-08 06:00:00,4441.5,4441.60009765625,4429.60009765625,4431.0
2026-01-08 07:00:00,4430.89990234375,4439.0,4415.0,4434.7001953125
2026-01-08 08:00:00,4435.10009765625,4444.5,4425.0,4432.0
2026-01-08 09:00:00,4432.2998046875,4448.2001953125,4427.2001953125,4441.39990234375
2026-01-08 10:00:00,4441.39990234375,4465.7001953125,4436.2998046875,4463.5
2026-01-08 11:00:00,4463.60009765625,4474.5,4456.2001953125,4472.5
2026-01-08 12:00:00,4472.7001953125,4475.7998046875,4466.7998046875,4472.7998046875
2026-01-08 13:00:00,4472.7001953125,4472.7998046875,4456.89990234375,4458.89990234375
2026-01-08 14:00:00,4458.89990234375,4462.0,4453.7001953125,4460.89990234375
2026-01-08 15:00:00,4460.7998046875,4487.7001953125,4460.2998046875,4485.10009765625
2026-01-08 16:00:00,4485.2001953125,4489.2998046875,4482.0,4487.89990234375
2026-01-08 18:00:00,4489.2998046875,4493.7001953125,4482.2001953125,4485.2998046875
2026-01-08 19:00:00,4485.60009765625,4486.89990234375,4469.39990234375,4472.39990234375
2026-01-08 20:00:00,4472.5,4478.7998046875,4461.7998046875,4477.39990234375
2026-01-08 21:00:00,4477.7998046875,4485.5,4474.7998046875,4478.89990234375
2026-01-08 22:00:00,4478.7001953125,4479.5,4469.39990234375,4472.7998046875
2026-01-08 23:00:00,4473.10009765625,4475.7998046875,4469.39990234375,4474.5
2026-01-09 00:00:00,4473.39990234375,4480.7998046875,4466.60009765625,4476.5
2026-01-09 01:00:00,4477.10009765625,4486.0,4474.39990234375,4483.0
2026-01-09 02:00:00,4483.2998046875,4484.7001953125,4477.2001953125,4479.2998046875
2026-01-09 03:00:00,4478.7998046875,4485.7998046875,4472.7998046875,4476.89990234375
2026-01-09 04:00:00,4477.10009765625,4486.39990234375,4477.0,4479.39990234375
2026-01-09 05:00:00,4479.7001953125,4482.7001953125,4475.7001953125,4481.2998046875
2026-01-09 06:00:00,4481.39990234375,4485.2998046875,4477.39990234375,4484.2998046875
2026-01-09 07:00:00,4484.2001953125,4489.60009765625,4469.5,4474.5
2026-01-09 08:00:00,4474.60009765625,4500.7998046875,4467.0,4492.0
2026-01-09 09:00:00,4492.2001953125,4507.7998046875,4488.10009765625,4503.89990234375
2026-01-09 10:00:00,4503.39990234375,4527.0,4499.2001953125,4521.5
2026-01-09 11:00:00,4521.7998046875,4523.7998046875,4509.2998046875,4516.5
2026-01-09 12:00:00,4516.39990234375,4521.5,4491.39990234375,4493.89990234375
2026-01-09 13:00:00,4493.60009765625,4514.10009765625,4492.39990234375,4505.89990234375
2026-01-09 14:00:00,4505.7998046875,4511.2998046875,4502.2998046875,4508.2998046875
2026-01-09 15:00:00,4508.0,4518.7998046875,4506.7998046875,4516.10009765625
2026-01-09 16:00:00,4516.0,4520.2998046875,4513.60009765625,4517.89990234375
2026-01-11 18:00:00,4538.10009765625,4555.0,4531.39990234375,4550.10009765625
2026-01-11 19:00:00,4550.0,4612.7001953125,4546.2998046875,4600.0
2026-01-11 20:00:00,4600.2001953125,4606.10009765625,4581.39990234375,4582.10009765625
2026-01-11 21:00:00,4581.60009765625,4594.0,4573.10009765625,4589.39990234375
2026-01-11 22:00:00,4589.5,4593.5,4579.39990234375,4582.60009765625
2026-01-11 23:00:00,4582.7998046875,4584.0,4574.7998046875,4579.39990234375
2026-01-12 00:00:00,4580.0,4595.60009765625,4576.89990234375,4591.2998046875
2026-01-12 01:00:00,4591.2998046875,4591.2998046875,4580.7998046875,4589.2998046875
2026-01-12 02:00:00,4589.7001953125,4599.7998046875,4585.39990234375,4597.7998046875
2026-01-12 03:00:00,4597.7001953125,4608.5,4589.60009765625,4607.0
2026-01-12 04:00:00,4606.89990234375,4609.60009765625,4597.89990234375,4599.39990234375
2026-01-12 05:00:00,4599.5,4605.7998046875,4596.10009765625,4604.5
2026-01-12 06:00:00,4604.7001953125,4605.39990234375,4591.5,4594.7998046875
2026-01-12 07:00:00,4595.0,4600.39990234375,4587.60009765625,4600.39990234375
2026-01-12 08:00:00,4600.39990234375,4630.7998046875,4598.5,4626.2998046875
2026-01-12 09:00:00,4626.60009765625,4628.10009765625,4595.10009765625,4612.10009765625
2026-01-12 10:00:00,4611.7998046875,4638.2001953125,4611.39990234375,4630.89990234375
2026-01-12 11:00:00,4630.89990234375,4640.5,4618.0,4627.0
2026-01-12 12:00:00,4626.7998046875,4630.7001953125,4620.0,4626.89990234375
2026-01-12 13:00:00,4626.89990234375,4629.2001953125,4609.7998046875,4620.2998046875
2026-01-12 14:00:00,4620.60009765625,4628.89990234375,4618.2998046875,4620.60009765625
2026-01-12 15:00:00,4620.5,4621.2001953125,4601.0,4603.2998046875
2026-01-12 16:00:00,4603.39990234375,4609.0,4598.7001953125,4608.7998046875
2026-01-12 18:00:00,4610.0,4616.89990234375,4586.39990234375,4607.60009765625
2026-01-12 19:00:00,4607.5,4607.7001953125,4593.2998046875,4595.7998046875
2026-01-12 20:00:00,4596.2001953125,4604.5,4584.2998046875,4586.39990234375
2026-01-12 21:00:00,4586.0,4604.2001953125,4585.0,4603.10009765625
2026-01-12 22:00:00,4602.7998046875,4608.7001953125,4601.2998046875,4603.10009765625
2026-01-12 23:00:00,4603.39990234375,4608.7998046875,4603.0,4606.39990234375
2026-01-13 00:00:00,4605.60009765625,4611.2001953125,4594.0,4600.7001953125
2026-01-13 01:00:00,4600.5,4600.7998046875,4582.7998046875,4590.5
2026-01-13 02:00:00,4590.7998046875,4595.2998046875,4585.60009765625,4589.10009765625
2026-01-13 03:00:00,4588.89990234375,4605.39990234375,4587.7998046875,4601.60009765625
2026-01-13 04:00:00,4601.10009765625,4604.10009765625,4594.5,4595.2001953125
2026-01-13 05:00:00,4595.2998046875,4597.2998046875,4589.39990234375,4595.0
2026-01-13 06:00:00,4595.2001953125,4600.7998046875,4590.7998046875,4596.89990234375
2026-01-13 07:00:00,4597.0,4603.89990234375,4586.2001953125,4602.0
2026-01-13 08:00:00,4601.7001953125,4629.2998046875,4599.10009765625,4619.5
2026-01-13 09:00:00,4619.5,4644.0,4617.0,4638.89990234375
2026-01-13 10:00:00,4638.5,4639.89990234375,4609.10009765625,4627.60009765625
2026-01-13 11:00:00,4627.7001953125,4629.5,4601.2998046875,4622.2001953125
2026-01-13 12:00:00,4622.2998046875,4624.89990234375,4595.0,4599.0
2026-01-13 13:00:00,4598.7998046875,4610.2001953125,4589.5,4602.2998046875
2026-01-13 14:00:00,4602.60009765625,4606.7998046875,4592.39990234375,4605.2998046875
2026-01-13 15:00:00,4605.2998046875,4605.60009765625,4576.7001953125,4594.10009765625
2026-01-13 16:00:00,4594.2001953125,4597.7998046875,4590.7001953125,4594.39990234375
2026-01-13 18:00:00,4594.2998046875,4606.5,4594.2998046875,4603.89990234375
2026-01-13 19:00:00,4604.39990234375,4618.39990234375,4604.39990234375,4616.89990234375
2026-01-13 20:00:00,4617.2001953125,4627.60009765625,4613.7001953125,4626.7001953125
2026-01-13 21:00:00,4626.89990234375,4631.5,4621.89990234375,4629.10009765625
2026-01-13 22:00:00,4628.7998046875,4638.89990234375,4621.5,4636.5
2026-01-13 23:00:00,4636.60009765625,4638.60009765625,4633.0,4636.0
2026-01-14 00:00:00,4636.7998046875,4647.60009765625,4624.7001953125,4626.2998046875
2026-01-14 01:00:00,4626.2998046875,4644.60009765625,4625.2001953125,4644.5
2026-01-14 02:00:00,4644.7001953125,4647.2001953125,4638.89990234375,4639.7001953125
2026-01-14 03:00:00,4639.89990234375,4644.89990234375,4628.39990234375,4641.7998046875
2026-01-14 04:00:00,4641.89990234375,4646.7001953125,4634.5,4637.89990234375
2026-01-14 05:00:00,4637.89990234375,4646.2001953125,4635.39990234375,4641.2001953125
2026-01-14 06:00:00,4641.10009765625,4645.2998046875,4634.10009765625,4638.5
2026-01-14 07:00:00,4638.60009765625,4650.10009765625,4638.2998046875,4646.89990234375
2026-01-14 08:00:00,4647.0,4649.7998046875,4631.2998046875,4643.7998046875
2026-01-14 09:00:00,4643.7001953125,4646.7001953125,4613.89990234375,4624.5
2026-01-14 10:00:00,4624.39990234375,4633.60009765625,4605.89990234375,4624.7998046875
2026-01-14 11:00:00,4624.89990234375,4631.7001953125,4615.2998046875,4624.10009765625
2026-01-14 12:00:00,4624.0,4626.10009765625,4607.7001953125,4621.2998046875
2026-01-14 13:00:00,4621.39990234375,4644.89990234375,4619.60009765625,4642.5
2026-01-14 14:00:00,4642.60009765625,4650.5,4640.7998046875,4646.7001953125
2026-01-14 15:00:00,4646.7001953125,4649.2001953125,4632.7001953125,4639.2001953125
2026-01-14 16:00:00,4639.2998046875,4639.7998046875,4623.60009765625,4633.89990234375
2026-01-14 18:00:00,4635.7001953125,4637.2001953125,4607.2001953125,4619.60009765625
2026-01-14 19:00:00,4619.39990234375,4622.89990234375,4614.5,4619.2998046875
2026-01-14 20:00:00,4619.5,4622.0,4587.5,4604.2998046875
2026-01-14 21:00:00,4604.0,4618.89990234375,4599.39990234375,4606.89990234375
2026-01-14 22:00:00,4606.60009765625,4608.10009765625,4584.5,4596.10009765625
2026-01-14 23:00:00,4595.7998046875,4601.39990234375,4590.7001953125,4596.60009765625
2026-01-15 00:00:00,4595.7001953125,4602.60009765625,4584.60009765625,4599.10009765625
2026-01-15 01:00:00,4598.89990234375,4616.39990234375,4597.39990234375,4614.5
2026-01-15 02:00:00,4614.89990234375,4618.0,4603.5,4606.10009765625
2026-01-15 03:00:00,4606.39990234375,4611.5,4602.2001953125,4608.2001953125
2026-01-15 04:00:00,4608.10009765625,4617.2001953125,4604.60009765625,4616.89990234375
2026-01-15 05:00:00,4616.7001953125,4624.89990234375,4613.39990234375,4624.2001953125
2026-01-15 06:00:00,4624.2998046875,4627.0,4619.60009765625,4623.39990234375
2026-01-15 07:00:00,4623.2998046875,4624.89990234375,4615.7001953125,4617.89990234375
2026-01-15 08:00:00,4618.0,4620.2001953125,4584.0,4591.60009765625
2026-01-15 09:00:00,4591.60009765625,4618.7998046875,4586.2998046875,4614.89990234375
2026-01-15 10:00:00,4614.7998046875,4622.2998046875,4608.2001953125,4620.2001953125
2026-01-15 11:00:00,4620.0,4630.10009765625,4605.7001953125,4610.2001953125
2026-01-15 12:00:00,4610.39990234375,4621.7998046875,4610.2998046875,4621.5
2026-01-15 13:00:00,4621.39990234375,4626.0,4617.60009765625,4622.10009765625
2026-01-15 14:00:00,4622.2001953125,4626.5,4616.7998046875,4620.0
2026-01-15 15:00:00,4620.2001953125,4620.7001953125,4604.2001953125,4609.7998046875
2026-01-15 16:00:00,4609.5,4620.60009765625,4608.5,4620.5
2026-01-15 18:00:00,4621.60009765625,4625.5,4610.60009765625,4614.60009765625
2026-01-15 19:00:00,4614.2001953125,4615.10009765625,4602.39990234375,4604.39990234375
2026-01-15 20:00:00,4603.7998046875,4612.2998046875,4597.7998046875,4604.7998046875
2026-01-15 21:00:00,4604.7998046875,4607.7001953125,4594.60009765625,4598.39990234375
2026-01-15 22:00:00,4598.2001953125,4603.2001953125,4595.7998046875,4599.39990234375
2026-01-15 23:00:00,4599.39990234375,4605.5,4599.2001953125,4604.60009765625
2026-01-16 00:00:00,4604.5,4620.2001953125,4598.60009765625,4615.39990234375
2026-01-16 01:00:00,4615.5,4616.2998046875,4597.10009765625,4601.7998046875
2026-01-16 02:00:00,4601.5,4616.2001953125,4600.5,4611.5
2026-01-16 03:00:00,4611.2001953125,4614.7998046875,4605.2001953125,4606.7998046875
2026-01-16 04:00:00,4606.7998046875,4612.2001953125,4602.7001953125,4604.2001953125
2026-01-16 05:00:00,4604.10009765625,4615.10009765625,4603.60009765625,4604.10009765625
2026-01-16 06:00:00,4604.10009765625,4620.5,4602.2998046875,4616.5
2026-01-16 07:00:00,4616.39990234375,4617.0,4601.0,4605.7001953125
2026-01-16 08:00:00,4605.7998046875,4609.89990234375,4586.0,4605.7001953125
2026-01-16 09:00:00,4605.7001953125,4618.89990234375,4599.89990234375,4611.89990234375
2026-01-16 10:00:00,4611.39990234375,4624.60009765625,4539.10009765625,4574.7998046875
2026-01-16 11:00:00,4574.60009765625,4603.89990234375,4570.7998046875,4595.7998046875
2026-01-16 12:00:00,4596.2001953125,4597.89990234375,4581.0,4586.0
2026-01-16 13:00:00,4586.0,4601.10009765625,4584.7001953125,4587.89990234375
2026-01-16 14:00:00,4587.7998046875,4597.2001953125,4585.7998046875,4595.2001953125
2026-01-16 15:00:00,4595.2998046875,4600.2001953125,4585.0,4587.2998046875
2026-01-16 16:00:00,4587.2001953125,4602.10009765625,4587.2001953125,4595.39990234375
2026-01-18 23:00:00,4595.39990234375,4672.2998046875,4595.39990234375,4671.2001953125
2026-01-20 00:00:00,4700.89990234375,4722.7998046875,4700.0,4720.60009765625
2026-01-20 01:00:00,4720.7001953125,4723.39990234375,4711.2998046875,4718.60009765625
2026-01-20 02:00:00,4718.39990234375,4728.0,4717.5,4721.39990234375
2026-01-20 03:00:00,4721.39990234375,4738.0,4720.39990234375,4735.60009765625
2026-01-20 04:00:00,4735.5,4742.89990234375,4727.2001953125,4737.60009765625
2026-01-20 05:00:00,4737.5,4740.39990234375,4728.7001953125,4732.2998046875
2026-01-20 06:00:00,4732.2998046875,4740.7998046875,4727.2998046875,4738.60009765625
2026-01-20 07:00:00,4738.60009765625,4738.60009765625,4729.5,4733.2998046875
2026-01-20 08:00:00,4733.39990234375,4743.7998046875,4720.0,4742.2998046875
2026-01-20 09:00:00,4742.2998046875,4756.60009765625,4733.39990234375,4746.39990234375
2026-01-20 10:00:00,4745.89990234375,4753.7001953125,4726.7001953125,4742.0
2026-01-20 11:00:00,4742.10009765625,4762.0,4733.39990234375,4758.0
2026-01-20 12:00:00,4757.7001953125,4767.0,4750.2998046875,4763.7001953125
2026-01-20 13:00:00,4763.7998046875,4771.2001953125,4757.5,4764.2001953125
2026-01-20 14:00:00,4764.39990234375,4771.5,4761.2998046875,4765.89990234375
2026-01-20 15:00:00,4765.7998046875,4766.60009765625,4752.60009765625,4761.39990234375
2026-01-20 16:00:00,4761.5,4769.2998046875,4761.10009765625,4769.10009765625
2026-01-20 18:00:00,4767.5,4784.89990234375,4761.5,4779.7998046875
2026-01-20 19:00:00,4779.60009765625,4792.89990234375,4774.5,4789.60009765625
2026-01-20 20:00:00,4789.60009765625,4847.7001953125,4788.5,4838.5
2026-01-20 21:00:00,4838.60009765625,4845.2998046875,4820.39990234375,4839.39990234375
2026-01-20 22:00:00,4839.2001953125,4852.60009765625,4829.5,4847.60009765625
2026-01-20 23:00:00,4847.2998046875,4873.60009765625,4840.0,4867.5
2026-01-21 00:00:00,4868.39990234375,4880.89990234375,4861.7001953125,4872.39990234375
2026-01-21 01:00:00,4872.60009765625,4891.10009765625,4848.0,4850.2001953125
2026-01-21 02:00:00,4849.89990234375,4859.39990234375,4835.2001953125,4857.5
2026-01-21 03:00:00,4856.89990234375,4871.60009765625,4853.7001953125,4856.89990234375
2026-01-21 04:00:00,4856.89990234375,4879.39990234375,4854.5,4862.39990234375
2026-01-21 05:00:00,4862.5,4869.2001953125,4861.60009765625,4864.39990234375
2026-01-21 06:00:00,4864.2998046875,4874.0,4857.39990234375,4869.10009765625
2026-01-21 07:00:00,4869.2998046875,4873.5,4858.10009765625,4868.0
2026-01-21 08:00:00,4868.2001953125,4883.2998046875,4861.0,4882.2998046875
2026-01-21 09:00:00,4882.60009765625,4884.5,4840.7998046875,4853.7001953125
2026-01-21 10:00:00,4853.7001953125,4871.2001953125,4813.7998046875,4850.0
2026-01-21 11:00:00,4850.0,4858.7001953125,4821.60009765625,4836.5
2026-01-21 12:00:00,4836.7001953125,4837.0,4804.60009765625,4829.0
2026-01-21 13:00:00,4828.60009765625,4853.5,4822.60009765625,4853.2001953125
2026-01-21 14:00:00,4853.10009765625,4857.2001953125,4757.10009765625,4783.39990234375
2026-01-21 15:00:00,4783.0,4830.89990234375,4774.5,4830.0
2026-01-21 16:00:00,4829.60009765625,4842.7998046875,4816.0,4836.2001953125
2026-01-21 18:00:00,4836.2001953125,4837.7001953125,4779.2998046875,4779.60009765625
2026-01-21 19:00:00,4779.89990234375,4799.7998046875,4779.39990234375,4798.7998046875
2026-01-21 20:00:00,4798.39990234375,4810.60009765625,4772.7001953125,4799.2001953125
2026-01-21 21:00:00,4798.89990234375,4799.7998046875,4775.2998046875,4789.89990234375
2026-01-21 22:00:00,4790.2001953125,4798.10009765625,4785.0,4797.39990234375
2026-01-21 23:00:00,4797.89990234375,4801.7998046875,4794.7001953125,4797.7001953125
2026-01-22 00:00:00,4798.10009765625,4822.10009765625,4794.7001953125,4821.7998046875
2026-01-22 01:00:00,4821.60009765625,4829.60009765625,4816.60009765625,4827.2998046875
2026-01-22 02:00:00,4827.39990234375,4841.10009765625,4826.39990234375,4833.5
2026-01-22 03:00:00,4833.39990234375,4836.7998046875,4823.2998046875,4832.2001953125
2026-01-22 04:00:00,4832.2001953125,4839.5,4815.2998046875,4824.39990234375
2026-01-22 05:00:00,4824.7998046875,4833.7001953125,4820.7998046875,4831.0
2026-01-22 06:00:00,4830.7998046875,4838.5,4826.2001953125,4833.2001953125
2026-01-22 07:00:00,4832.89990234375,4834.60009765625,4820.5,4821.5
2026-01-22 08:00:00,4821.60009765625,4837.39990234375,4809.60009765625,4823.7998046875
2026-01-22 09:00:00,4823.5,4849.39990234375,4821.7001953125,4836.7001953125
2026-01-22 10:00:00,4836.7001953125,4876.7998046875,4826.39990234375,4874.0
2026-01-22 11:00:00,4874.2001953125,4888.10009765625,4870.10009765625,4880.7998046875
2026-01-22 12:00:00,4880.7998046875,4909.5,4871.0,4907.7998046875
2026-01-22 13:00:00,4907.7001953125,4922.5,4904.60009765625,4918.7001953125
2026-01-22 14:00:00,4918.7001953125,4927.60009765625,4909.2998046875,4915.2001953125
2026-01-22 15:00:00,4915.5,4932.2001953125,4914.7998046875,4920.5
2026-01-22 16:00:00,4920.7001953125,4944.2998046875,4918.2998046875,4938.39990234375
2026-01-22 18:00:00,4940.0,4964.0,4932.39990234375,4960.7998046875
2026-01-22 19:00:00,4961.2001953125,4968.5,4949.7001953125,4967.60009765625
2026-01-22 20:00:00,4968.0,4970.0,4938.0,4956.7998046875
2026-01-22 21:00:00,4956.0,4964.5,4948.39990234375,4957.7001953125
2026-01-22 22:00:00,4957.39990234375,4961.10009765625,4939.5,4953.0
2026-01-22 23:00:00,4952.7001953125,4960.0,4951.0,4958.0
2026-01-23 00:00:00,4957.7998046875,4969.0,4955.7001953125,4962.10009765625
2026-01-23 01:00:00,4962.2998046875,4964.2998046875,4946.2001953125,4954.10009765625
2026-01-23 02:00:00,4954.5,4960.7001953125,4944.2998046875,4945.5
2026-01-23 03:00:00,4945.2001953125,4948.7001953125,4901.89990234375,4915.2998046875
2026-01-23 04:00:00,4914.7998046875,4922.7001953125,4901.2001953125,4919.39990234375
2026-01-23 05:00:00,4919.60009765625,4933.2998046875,4916.60009765625,4931.0
2026-01-23 06:00:00,4930.89990234375,4931.5,4912.7998046875,4923.2998046875
2026-01-23 07:00:00,4923.7001953125,4943.39990234375,4918.7998046875,4940.0
2026-01-23 08:00:00,4940.2001953125,4948.60009765625,4924.2998046875,4939.7998046875
2026-01-23 09:00:00,4940.2998046875,4957.2998046875,4933.5,4944.10009765625
2026-01-23 10:00:00,4943.60009765625,4964.0,4938.89990234375,4961.89990234375
2026-01-23 11:00:00,4961.89990234375,4989.89990234375,4960.0,4981.39990234375
2026-01-23 12:00:00,4981.7001953125,4989.39990234375,4963.0,4966.89990234375
2026-01-23 13:00:00,4967.2001953125,4985.39990234375,4959.5,4967.7998046875
2026-01-23 14:00:00,4968.2001953125,4991.39990234375,4968.2001953125,4985.2001953125
2026-01-23 15:00:00,4985.10009765625,4986.7001953125,4971.7001953125,4981.39990234375
2026-01-23 16:00:00,4981.39990234375,4990.2001953125,4978.60009765625,4979.7001953125
2026-01-25 18:00:00,5023.7998046875,5039.39990234375,5010.89990234375,5038.7001953125
2026-01-25 19:00:00,5039.39990234375,5051.39990234375,5029.2998046875,5041.0
2026-01-25 20:00:00,5040.7998046875,5082.89990234375,5028.0,5068.7998046875
2026-01-25 21:00:00,5068.89990234375,5091.5,5064.2001953125,5078.89990234375
2026-01-25 22:00:00,5078.5,5086.5,5067.5,5073.89990234375
2026-01-25 23:00:00,5074.10009765625,5076.0,5055.60009765625,5068.60009765625
2026-01-26 00:00:00,5067.89990234375,5074.2998046875,5049.7001953125,5072.10009765625
2026-01-26 01:00:00,5071.7998046875,5107.89990234375,5063.0,5074.2001953125
2026-01-26 02:00:00,5074.5,5092.39990234375,5070.0,5086.39990234375
2026-01-26 03:00:00,5086.2998046875,5096.10009765625,5077.39990234375,5081.2998046875
2026-01-26 04:00:00,5081.2998046875,5097.39990234375,5073.10009765625,5082.2001953125
2026-01-26 05:00:00,5082.39990234375,5093.0,5076.5,5090.10009765625
2026-01-26 06:00:00,5090.10009765625,5091.2998046875,5076.5,5089.7998046875
2026-01-26 07:00:00,5089.60009765625,5095.39990234375,5074.5,5076.2001953125
2026-01-26 08:00:00,5076.60009765625,5080.89990234375,5052.0,5065.89990234375
2026-01-26 09:00:00,5065.7001953125,5094.7001953125,5055.5,5093.7001953125
2026-01-26 10:00:00,5094.10009765625,5095.2001953125,5071.2998046875,5088.39990234375
2026-01-26 11:00:00,5088.39990234375,5103.0,5062.0,5086.39990234375
2026-01-26 12:00:00,5087.0,5102.10009765625,5076.7001953125,5098.10009765625
2026-01-26 13:00:00,5097.89990234375,5100.2998046875,5053.39990234375,5064.60009765625
2026-01-26 14:00:00,5065.2001953125,5065.5,5002.7001953125,5023.60009765625
2026-01-26 15:00:00,5023.60009765625,5058.2998046875,5022.0,5049.39990234375
2026-01-26 16:00:00,5049.60009765625,5053.89990234375,4983.60009765625,5004.7998046875
2026-01-26 18:00:00,5005.5,5056.0,5004.5,5037.7001953125
2026-01-26 19:00:00,5037.7001953125,5048.7001953125,5008.2998046875,5027.10009765625
2026-01-26 20:00:00,5027.2998046875,5071.5,5013.0,5055.2998046875
2026-01-26 21:00:00,5054.7001953125,5074.7998046875,5043.89990234375,5067.39990234375
2026-01-26 22:00:00,5067.89990234375,5074.2998046875,5054.39990234375,5071.89990234375
2026-01-26 23:00:00,5071.7001953125,5073.60009765625,5056.39990234375,5061.10009765625
2026-01-27 00:00:00,5062.60009765625,5080.2998046875,5051.89990234375,5078.10009765625
2026-01-27 01:00:00,5077.89990234375,5089.60009765625,5071.60009765625,5081.5
2026-01-27 02:00:00,5081.39990234375,5097.2998046875,5077.10009765625,5081.60009765625
2026-01-27 03:00:00,5081.5,5084.10009765625,5068.5,5075.60009765625
2026-01-27 04:00:00,5075.0,5096.2998046875,5074.10009765625,5095.2998046875
2026-01-27 05:00:00,5095.2001953125,5095.2998046875,5078.2001953125,5082.5
2026-01-27 06:00:00,5082.7001953125,5087.0,5062.2001953125,5073.10009765625
2026-01-27 07:00:00,5072.89990234375,5087.39990234375,5069.5,5081.60009765625
2026-01-27 08:00:00,5081.5,5089.39990234375,5065.7998046875,5073.7998046875
2026-01-27 09:00:00,5073.7001953125,5077.89990234375,5042.0,5049.60009765625
2026-01-27 10:00:00,5049.2001953125,5088.2998046875,5042.2998046875,5087.60009765625
2026-01-27 11:00:00,5087.5,5100.2998046875,5080.5,5085.10009765625
2026-01-27 12:00:00,5085.2001953125,5092.0,5074.7001953125,5079.2001953125
2026-01-27 13:00:00,5079.10009765625,5093.5,5074.0,5085.89990234375
2026-01-27 14:00:00,5085.5,5098.2998046875,5078.60009765625,5097.2998046875
2026-01-27 15:00:00,5097.10009765625,5184.2001953125,5096.2001953125,5174.7001953125
2026-01-27 16:00:00,5175.0,5190.7998046875,5169.10009765625,5179.60009765625
2026-01-27 18:00:00,5179.0,5181.89990234375,5156.39990234375,5169.2001953125
2026-01-27 19:00:00,5169.2998046875,5177.0,5154.7998046875,5168.5
2026-01-27 20:00:00,5168.89990234375,5220.7001953125,5165.10009765625,5199.5
2026-01-27 21:00:00,5199.0,5228.89990234375,5196.60009765625,5226.39990234375
2026-01-27 22:00:00,5226.2998046875,5242.2001953125,5218.7001953125,5229.2001953125
2026-01-27 23:00:00,5228.7998046875,5244.0,5227.39990234375,5242.7001953125
2026-01-28 00:00:00,5240.89990234375,5259.2998046875,5237.10009765625,5253.89990234375
2026-01-28 01:00:00,5253.10009765625,5264.39990234375,5245.0,5262.7001953125
2026-01-28 02:00:00,5263.2001953125,5288.0,5255.7001953125,5286.2001953125
2026-01-28 03:00:00,5285.39990234375,5345.0,5282.0,5327.0
2026-01-28 04:00:00,5326.7998046875,5331.2001953125,5296.7998046875,5311.7998046875
2026-01-28 05:00:00,5311.89990234375,5319.89990234375,5302.5,5303.7001953125
2026-01-28 06:00:00,5304.2998046875,5305.0,5271.0,5294.2001953125
2026-01-28 07:00:00,5294.39990234375,5311.7998046875,5284.2998046875,5311.7001953125
2026-01-28 08:00:00,5311.60009765625,5322.10009765625,5288.7001953125,5298.60009765625
2026-01-28 09:00:00,5299.0,5321.39990234375,5280.7001953125,5318.7998046875
2026-01-28 10:00:00,5318.7001953125,5331.0,5266.5,5311.2998046875
2026-01-28 11:00:00,5311.60009765625,5334.5,5307.5,5333.60009765625
2026-01-28 12:00:00,5334.0,5341.2001953125,5316.10009765625,5332.2001953125
2026-01-28 13:00:00,5332.39990234375,5360.60009765625,5301.10009765625,5317.2998046875
2026-01-28 14:00:00,5315.0,5365.89990234375,5301.0,5359.10009765625
2026-01-28 15:00:00,5358.60009765625,5425.10009765625,5353.39990234375,5409.39990234375
2026-01-28 16:00:00,5409.7998046875,5452.7998046875,5409.39990234375,5447.7998046875
2026-01-28 18:00:00,5449.89990234375,5626.7998046875,5449.39990234375,5539.39990234375
2026-01-28 19:00:00,5539.89990234375,5555.0,5481.39990234375,5548.5
2026-01-28 20:00:00,5548.89990234375,5580.5,5472.39990234375,5574.0
2026-01-28 21:00:00,5574.10009765625,5578.39990234375,5532.60009765625,5565.7001953125
2026-01-28 22:00:00,5565.2001953125,5579.2998046875,5538.2001953125,5576.89990234375
2026-01-28 23:00:00,5570.7998046875,5595.0,5563.7001953125,5589.7998046875
2026-01-29 00:00:00,5585.5,5593.2998046875,5544.5,5590.89990234375
2026-01-29 01:00:00,5591.10009765625,5625.89990234375,5583.7998046875,5591.0
2026-01-29 02:00:00,5591.0,5604.0,5566.2001953125,5578.39990234375
2026-01-29 03:00:00,5578.39990234375,5584.7998046875,5503.89990234375,5540.60009765625
2026-01-29 04:00:00,5540.10009765625,5560.2998046875,5528.10009765625,5544.7998046875
2026-01-29 05:00:00,5544.7001953125,5556.39990234375,5513.0,5514.10009765625
2026-01-29 06:00:00,5514.5,5559.89990234375,5501.0,5553.5
2026-01-29 07:00:00,5553.2001953125,5573.2998046875,5549.2001953125,5564.5
2026-01-29 08:00:00,5565.2001953125,5571.5,5528.7998046875,5540.2998046875
2026-01-29 09:00:00,5540.7001953125,5581.2998046875,5519.2998046875,5525.2998046875
2026-01-29 10:00:00,5525.2998046875,5525.2998046875,5126.0,5212.89990234375
2026-01-29 11:00:00,5210.7001953125,5338.89990234375,5201.5,5292.5
2026-01-29 12:00:00,5292.89990234375,5404.2001953125,5292.2001953125,5364.2998046875
2026-01-29 13:00:00,5364.0,5390.60009765625,5336.0,5367.7001953125
2026-01-29 14:00:00,5368.60009765625,5374.2998046875,5318.7001953125,5334.10009765625
2026-01-29 15:00:00,5334.7998046875,5438.60009765625,5311.0,5423.2998046875
2026-01-29 16:00:00,5422.89990234375,5456.2001953125,5400.0,5410.7998046875
2026-01-29 18:00:00,5410.0,5478.60009765625,5407.5,5467.60009765625
2026-01-29 19:00:00,5467.5,5480.2001953125,5418.2001953125,5435.2998046875
2026-01-29 20:00:00,5436.0,5438.89990234375,5320.39990234375,5331.7001953125
2026-01-29 21:00:00,5330.2998046875,5345.7998046875,5145.7998046875,5255.0
2026-01-29 22:00:00,5254.7998046875,5259.7998046875,5176.89990234375,5225.10009765625
2026-01-29 23:00:00,5224.2001953125,5354.7998046875,5222.0,5243.10009765625
2026-01-30 00:00:00,5242.10009765625,5269.2001953125,5208.0,5212.39990234375
2026-01-30 01:00:00,5210.7001953125,5232.7001953125,5171.39990234375,5183.89990234375
2026-01-30 02:00:00,5184.10009765625,5215.0,5143.7001953125,5209.2001953125
2026-01-30 03:00:00,5208.7998046875,5208.7998046875,5075.10009765625,5145.0
2026-01-30 04:00:00,5143.7998046875,5161.5,4962.7001953125,5040.0
2026-01-30 05:00:00,5039.2998046875,5150.2001953125,5027.0,5147.7001953125
2026-01-30 06:00:00,5146.0,5173.89990234375,5114.7001953125,5164.7001953125
2026-01-30 07:00:00,5165.2998046875,5175.60009765625,5082.60009765625,5092.0
2026-01-30 08:00:00,5093.10009765625,5127.7998046875,5018.2998046875,5045.60009765625
2026-01-30 09:00:00,5046.7001953125,5142.2998046875,5039.60009765625,5061.0
2026-01-30 10:00:00,5059.7001953125,5104.0,5006.2998046875,5078.7998046875
2026-01-30 11:00:00,5079.2998046875,5080.7001953125,4961.10009765625,5011.7001953125
2026-01-30 12:00:00,5009.60009765625,5012.2998046875,4825.0,4874.5
2026-01-30 13:00:00,4874.39990234375,4917.0,4700.39990234375,4899.60009765625
2026-01-30 14:00:00,4898.2998046875,4971.89990234375,4860.0,4954.89990234375
2026-01-30 15:00:00,4955.2998046875,4956.60009765625,4828.5,4870.7998046875
2026-01-30 16:00:00,4871.2001953125,4917.89990234375,4855.5,4907.5
2026-02-01 18:00:00,4828.5,4834.0,4705.2998046875,4764.7001953125
2026-02-01 19:00:00,4765.60009765625,4905.60009765625,4763.2998046875,4790.60009765625
2026-02-01 20:00:00,4791.2998046875,4809.2001953125,4604.2998046875,4764.7998046875
2026-02-01 21:00:00,4758.7001953125,4797.0,4720.0,4733.2998046875
2026-02-01 22:00:00,4733.39990234375,4752.7001953125,4650.0,4665.60009765625
2026-02-01 23:00:00,4667.0,4734.5,4622.60009765625,4701.39990234375
2026-02-02 00:00:00,4698.0,4717.10009765625,4515.0,4571.5
2026-02-02 01:00:00,4573.0,4596.7001953125,4423.2001953125,4526.2001953125
2026-02-02 02:00:00,4525.7998046875,4641.0,4504.89990234375,4609.5
2026-02-02 03:00:00,4609.5,4674.10009765625,4579.39990234375,4662.10009765625
2026-02-02 04:00:00,4661.5,4754.0,4623.0,4743.10009765625
2026-02-02 05:00:00,4740.0,4757.60009765625,4678.0,4727.2998046875
2026-02-02 06:00:00,4728.39990234375,4805.10009765625,4726.10009765625,4790.2998046875
2026-02-02 07:00:00,4791.2001953125,4837.60009765625,4767.39990234375,4816.10009765625
2026-02-02 08:00:00,4816.0,4828.0,4692.10009765625,4729.0
2026-02-02 09:00:00,4729.60009765625,4818.0,4703.39990234375,4744.0
2026-02-02 10:00:00,4739.5,4768.0,4638.0,4641.7001953125
2026-02-02 11:00:00,4642.89990234375,4733.10009765625,4617.60009765625,4687.5
2026-02-02 12:00:00,4687.5,4737.7001953125,4678.10009765625,4696.0
2026-02-02 13:00:00,4695.89990234375,4696.10009765625,4639.60009765625,4679.5
2026-02-02 14:00:00,4679.5,4736.0,4653.5,4707.39990234375
2026-02-02 15:00:00,4707.39990234375,4723.2998046875,4671.2998046875,4676.2998046875
2026-02-02 16:00:00,4677.89990234375,4712.0,4667.0,4680.89990234375
2026-02-02 18:00:00,4691.0,4799.89990234375,4690.2001953125,4798.5
2026-02-02 19:00:00,4798.7001953125,4853.7001953125,4788.10009765625,4802.7001953125
2026-02-02 20:00:00,4803.10009765625,4882.0,4788.0,4862.7001953125
2026-02-02 21:00:00,4863.2001953125,4864.0,4768.5,4806.2001953125
2026-02-02 22:00:00,4806.10009765625,4836.10009765625,4774.2998046875,4831.60009765625
2026-02-02 23:00:00,4831.0,4848.39990234375,4822.60009765625,4832.60009765625
2026-02-03 00:00:00,4832.7998046875,4865.5,4831.2998046875,4846.2998046875
2026-02-03 01:00:00,4848.0,4916.0,4838.0,4903.0
2026-02-03 02:00:00,4901.2001953125,4956.0,4893.0,4940.0
2026-02-03 03:00:00,4940.2001953125,4975.5,4921.0,4935.7998046875
2026-02-03 04:00:00,4935.7998046875,4950.0,4908.7001953125,4939.7998046875
2026-02-03 05:00:00,4939.60009765625,4953.0,4922.39990234375,4924.7998046875
2026-02-03 06:00:00,4925.2001953125,4941.89990234375,4905.2001953125,4938.89990234375
2026-02-03 07:00:00,4939.60009765625,4959.5,4915.0,4938.2001953125
2026-02-03 08:00:00,4938.39990234375,4977.7001953125,4926.7001953125,4958.0
2026-02-03 09:00:00,4958.7001953125,4963.10009765625,4917.60009765625,4939.2001953125
2026-02-03 10:00:00,4939.10009765625,4971.2001953125,4926.89990234375,4957.7001953125
2026-02-03 11:00:00,4957.2001953125,5018.10009765625,4952.10009765625,4978.2001953125
2026-02-03 12:00:00,4978.2998046875,4992.7001953125,4929.7001953125,4951.5
2026-02-03 13:00:00,4951.10009765625,4977.2998046875,4900.5,4930.5
2026-02-03 14:00:00,4930.2001953125,4971.89990234375,4902.0,4949.2998046875
2026-02-03 15:00:00,4949.89990234375,4980.0,4924.5,4967.5
2026-02-03 16:00:00,4967.10009765625,4987.5,4957.2998046875,4970.5
2026-02-03 18:00:00,4966.10009765625,4997.7998046875,4930.39990234375,4968.7001953125
2026-02-03 19:00:00,4969.89990234375,5039.7001953125,4966.89990234375,5038.10009765625
2026-02-03 20:00:00,5038.60009765625,5075.5,5006.39990234375,5067.2001953125
2026-02-03 21:00:00,5067.89990234375,5086.7998046875,5055.10009765625,5061.60009765625
2026-02-03 22:00:00,5060.89990234375,5094.0,5056.2001953125,5090.2998046875
2026-02-03 23:00:00,5090.7001953125,5101.0,5076.2998046875,5100.2001953125
2026-02-04 00:00:00,5100.10009765625,5109.2998046875,5088.5,5098.2998046875
2026-02-04 01:00:00,5099.39990234375,5102.5,5071.0,5096.60009765625
2026-02-04 02:00:00,5098.0,5113.5,5082.5,5106.7998046875
2026-02-04 03:00:00,5106.2998046875,5113.89990234375,5091.10009765625,5106.5
2026-02-04 04:00:00,5105.89990234375,5109.7001953125,5065.0,5082.2998046875
2026-02-04 05:00:00,5083.10009765625,5086.89990234375,5064.7001953125,5072.2001953125
2026-02-04 06:00:00,5070.7001953125,5076.89990234375,5036.0,5071.2998046875
2026-02-04 07:00:00,5070.60009765625,5088.10009765625,5058.60009765625,5064.60009765625
2026-02-04 08:00:00,5064.2998046875,5087.0,5045.0,5077.0
2026-02-04 09:00:00,5077.7998046875,5082.5,4988.39990234375,5008.39990234375
2026-02-04 10:00:00,5007.2998046875,5030.7001953125,4909.0,4943.10009765625
2026-02-04 11:00:00,4943.10009765625,4964.10009765625,4867.7001953125,4926.89990234375
2026-02-04 12:00:00,4926.5,4953.0,4909.60009765625,4927.7998046875
2026-02-04 13:00:00,5043.005,5065.855,5025.855,5055.26
2026-02-04 14:00:00,5055.66,5059.825,4963.46,4990.025
2026-02-04 15:00:00,4989.68,5009.645,4900.0,4924.205
2026-02-04 16:00:00,4923.77,4940.325,4860.54,4908.255
2026-02-04 17:00:00,4906.3,4930.33,4891.765,4902.905
2026-02-04 18:00:00,4903.025,4937.76,4875.845,4929.995
2026-02-04 19:00:00,4929.86,4959.995,4919.16,4946.125
2026-02-04 20:00:00,4945.665,4953.115,4918.815,4942.14
2026-02-04 21:00:00,4942.73,4972.375,4942.305,4968.23
2026-02-04 22:00:00,4968.155,4981.255,4958.695,4965.98
2026-02-04 23:00:00,4966.145,5027.575,4966.145,5014.99
2026-02-05 00:00:00,5014.745,5024.755,5000.005,5010.53
2026-02-05 01:00:00,5010.35,5013.435,4938.75,4959.175
2026-02-05 02:00:00,4958.72,4961.835,4811.195,4813.295
2026-02-05 03:00:00,4812.035,4887.945,4794.61,4880.445
2026-02-05 04:00:00,4880.095,4892.755,4864.31,4865.075
2026-02-05 05:00:00,4864.105,4903.995,4828.88,4895.235
2026-02-05 06:00:00,4895.385,4932.085,4878.275,4920.075
2026-02-05 07:00:00,4920.075,4939.995,4896.925,4914.72
2026-02-05 08:00:00,4914.845,4942.445,4901.765,4914.015
2026-02-05 09:00:00,4915.395,4915.395,4853.725,4857.825
2026-02-05 10:00:00,4857.825,4887.34,4850.405,4876.035
2026-02-05 11:00:00,4876.195,4895.615,4866.875,4868.055
2026-02-05 12:00:00,4866.87,4878.965,4813.34,4854.275
2026-02-05 13:00:00,4854.72,4868.925,4807.12,4835.795
2026-02-05 14:00:00,4834.235,4869.995,4810.705,4848.185
2026-02-05 15:00:00,4847.185,4864.65,4801.265,4820.58
2026-02-05 16:00:00,4819.305,4908.355,4815.025,4889.945
2026-02-05 17:00:00,4890.06,4891.74,4860.215,4870.415
2026-02-05 18:00:00,4870.61,4877.205,4851.945,4861.145
2026-02-05 19:00:00,4861.745,4866.255,4826.015,4832.745
2026-02-05 20:00:00,4832.76,4844.265,4791.09,4813.795
2026-02-05 21:00:00,4813.915,4828.325,4760.495,4777.695
2026-02-05 22:00:00,4778.175,4784.905,4765.245,4778.02
2026-02-05 23:00:00,4783.685,4790.81,4701.15,4701.92
2026-02-06 00:00:00,4702.195,4765.235,4651.4,4762.685
2026-02-06 01:00:00,4752.005,4784.39,4695.385,4772.475
2026-02-06 02:00:00,4775.475,4844.435,4762.315,4815.065
2026-02-06 03:00:00,4815.065,4836.345,4801.515,4825.33
2026-02-06 04:00:00,4825.085,4831.99,4809.375,4814.085
2026-02-06 05:00:00,4813.695,4896.915,4807.325,4896.915
2026-02-06 06:00:00,4896.92,4902.54,4828.755,4845.385
2026-02-06 07:00:00,4845.345,4862.52,4838.385,4842.055
2026-02-06 08:00:00,4841.74,4881.245,4830.865,4861.855
2026-02-06 09:00:00,4863.035,4874.1,4841.085,4867.725
2026-02-06 10:00:00,4867.725,4880.0,4850.665,4879.785
2026-02-06 11:00:00,4879.995,4895.575,4866.875,4886.925
2026-02-06 12:00:00,4885.89,4902.445,4872.11,4899.025
2026-02-06 13:00:00,4899.955,4937.51,4896.935,4928.58
2026-02-06 14:00:00,4928.79,4948.57,4895.53,4946.445
2026-02-06 15:00:00,4947.655,4962.945,4929.005,4942.1
2026-02-06 16:00:00,4942.265,4951.495,4923.005,4949.955
2026-02-06 17:00:00,4949.975,4966.665,4947.315,4958.235
2026-02-06 18:00:00,4958.235,4968.525,4941.92,4959.005
2026-02-06 19:00:00,4959.01,4959.925,4947.0,4953.0
2026-02-06 20:00:00,4952.235,4954.235,4932.005,4946.195
2026-02-06 21:00:00,4946.2,4961.995,4941.0,4960.735
2026-02-06 22:00:00,4960.56,4972.03,4960.56,4970.64
2026-02-06 23:00:00,4971.98,4971.98,4958.25,4959.4
2026-02-07 00:00:00,4958.51,4960.56,4951.24,4954.95
2026-02-07 01:00:00,4954.68,4964.8,4952.67,4964.8
2026-02-07 02:00:00,4962.52,4965.0,4960.38,4964.99
2026-02-07 03:00:00,4965.0,4967.51,4959.91,4961.29
2026-02-07 04:00:00,4961.97,4969.35,4961.97,4962.01
2026-02-07 05:00:00,4962.01,4963.83,4956.64,4956.64
2026-02-07 06:00:00,4959.6,4970.99,4958.37,4963.68
2026-02-07 07:00:00,4965.48,4966.95,4955.9,4963.79
2026-02-07 08:00:00,4962.94,4966.32,4962.12,4963.31
2026-02-07 09:00:00,4963.44,4966.87,4962.95,4966.44
2026-02-07 10:00:00,4966.03,4967.98,4965.34,4966.59
2026-02-07 11:00:00,4968.0,4969.2,4965.01,4965.01
2026-02-07 12:00:00,4966.19,4972.73,4966.19,4971.77
2026-02-07 13:00:00,4971.73,4971.98,4969.49,4969.49
2026-02-07 14:00:00,4968.82,4969.9,4963.98,4964.62
2026-02-07 15:00:00,4964.64,4967.87,4963.91,4965.3
2026-02-07 16:00:00,4967.17,4968.99,4965.42,4966.13
2026-02-07 17:00:00,4965.29,4965.94,4964.8,4965.75
2026-02-07 18:00:00,4967.2,4971.94,4967.2,4969.24
2026-02-07 19:00:00,4973.0,4975.66,4973.0,4975.28
2026-02-07 20:00:00,4976.0,4980.67,4976.0,4978.26
2026-02-07 21:00:00,4977.15,4980.49,4977.0,4977.88
2026-02-07 22:00:00,4977.0,4984.52,4973.61,4976.53
2026-02-07 23:00:00,4977.65,4977.65,4968.88,4971.0
2026-02-08 00:00:00,4974.0,4978.18,4971.59,4975.01
2026-02-08 01:00:00,4975.0,4978.34,4974.73,4977.78
2026-02-08 02:00:00,4976.93,4977.65,4971.47,4974.32
2026-02-08 03:00:00,4974.17,4974.57,4970.51,4971.0
2026-02-08 04:00:00,4971.46,4979.18,4971.46,4979.17
2026-02-08 05:00:00,4978.99,4990.98,4977.4,4988.19
2026-02-08 06:00:00,4989.2,4989.2,4980.92,4985.89
2026-02-08 07:00:00,4985.55,4985.82,4973.8,4974.7
2026-02-08 08:00:00,4972.82,4984.98,4972.82,4980.98
2026-02-08 09:00:00,4980.05,4980.05,4975.0,4975.49
2026-02-08 10:00:00,4975.3,4976.34,4972.06,4972.17
2026-02-08 11:00:00,4972.29,4978.74,4971.67,4973.12
2026-02-08 12:00:00,4973.92,4978.68,4973.92,4977.85
2026-02-08 13:00:00,4978.2,4979.64,4976.03,4976.43
2026-02-08 14:00:00,4976.44,4978.29,4975.33,4976.32
2026-02-08 15:00:00,4976.69,4976.9,4973.6,4973.6
2026-02-08 16:00:00,4976.99,4980.27,4976.99,4977.68
2026-02-08 17:00:00,4979.3,4980.1,4977.67,4978.59
2026-02-08 18:00:00,4977.99,4982.44,4977.05,4979.25
2026-02-08 19:00:00,4978.43,4983.03,4977.36,4981.79
2026-02-08 20:00:00,4982.8,4998.0,4980.72,4992.16
2026-02-08 21:00:00,4994.97,4997.58,4993.16,4995.82
2026-02-08 22:00:00,4997.405,5015.965,4992.005,4992.83
2026-02-08 23:00:00,4992.83,5037.0,4966.67,5029.605
2026-02-09 00:00:00,5029.61,5038.49,5013.26,5020.3
2026-02-09 01:00:00,5025.0,5038.485,4977.005,4983.045
2026-02-09 02:00:00,4981.795,5014.885,4968.885,5007.13
2026-02-09 03:00:00,5007.13,5027.995,5006.0,5015.175
2026-02-09 04:00:00,5015.175,5029.12,5007.04,5011.19
2026-02-09 05:00:00,5010.945,5040.0,5009.845,5037.985
2026-02-09 06:00:00,5038.475,5046.0,5017.41,5031.005
2026-02-09 07:00:00,5031.0,5031.01,4998.85,5005.915
2026-02-09 08:00:00,5004.755,5036.99,5003.085,5030.99
2026-02-09 09:00:00,5031.635,5040.04,5007.0,5010.475
2026-02-09 10:00:00,5010.47,5015.995,4984.445,4991.775
2026-02-09 11:00:00,4992.27,5014.725,4989.005,5011.345
2026-02-09 12:00:00,5011.3,5019.765,5008.015,5012.41
2026-02-09 13:00:00,5013.035,5023.325,4995.04,5005.865
2026-02-09 14:00:00,5004.735,5039.115,5001.515,5037.015
2026-02-09 15:00:00,5037.565,5059.085,5023.38,5056.945
2026-02-09 16:00:00,5057.355,5078.995,5055.89,5071.105
2026-02-09 17:00:00,5071.175,5073.795,5042.24,5046.225
2026-02-09 18:00:00,5046.515,5064.645,5046.515,5063.805
2026-02-09 19:00:00,5063.815,5077.075,5063.815,5072.755
2026-02-09 20:00:00,5072.745,5085.385,5072.215,5077.47
2026-02-09 21:00:00,5079.505,5081.325,5050.5,5061.48
2026-02-09 22:00:00,5061.415,5063.345,5054.415,5055.415
2026-02-09 23:00:00,5054.135,5071.34,4991.46,5030.7
2026-02-10 00:00:00,5031.375,5044.985,5009.285,5017.835
2026-02-10 01:00:00,5017.335,5035.505,5013.28,5030.995
2026-02-10 02:00:00,5030.99,5051.995,5029.675,5036.355
2026-02-10 03:00:00,5036.355,5036.355,5016.005,5027.215
2026-02-10 04:00:00,5027.595,5031.835,5017.335,5030.42
2026-02-10 05:00:00,5030.42,5036.995,5010.425,5036.935
2026-02-10 06:00:00,5036.875,5040.795,5020.4,5022.335
2026-02-10 07:00:00,5022.675,5032.805,5018.375,5031.135
2026-02-10 08:00:00,5030.535,5051.005,5027.195,5040.465
2026-02-10 09:00:00,5039.785,5059.995,5039.405,5045.43
2026-02-10 10:00:00,5045.635,5056.055,5037.125,5046.305
2026-02-10 11:00:00,5046.555,5054.995,5044.055,5054.315
2026-02-10 12:00:00,5054.315,5055.665,5020.005,5029.905
2026-02-10 13:00:00,5029.105,5054.995,5026.695,5049.145
2026-02-10 14:00:00,5050.045,5075.995,5022.005,5038.385
2026-02-10 15:00:00,5038.38,5045.995,5000.1,5019.59
2026-02-10 16:00:00,5019.595,5024.075,5007.005,5022.445
2026-02-10 17:00:00,5022.545,5038.665,5020.605,5025.775
2026-02-10 18:00:00,5025.555,5027.365,5004.455,5011.175
2026-02-10 19:00:00,5011.155,5028.45,5007.405,5027.815
2026-02-10 20:00:00,5027.81,5042.92,5019.41,5029.125
2026-02-10 21:00:00,5028.225,5030.855,5020.65,5024.4
2026-02-10 22:00:00,5024.255,5030.935,5021.015,5029.005
2026-02-10 23:00:00,5028.84,5051.005,5028.0,5040.145
2026-02-11 00:00:00,5040.715,5045.995,5022.0,5036.255
2026-02-11 01:00:00,5034.935,5048.995,5031.005,5048.875
2026-02-11 02:00:00,5048.925,5054.995,5031.895,5051.845
2026-02-11 03:00:00,5052.575,5058.14,5043.495,5053.37
2026-02-11 04:00:00,5053.37,5057.995,5045.035,5045.22
2026-02-11 05:00:00,5045.995,5060.995,5043.23,5051.575
2026-02-11 06:00:00,5051.565,5061.205,5048.765,5061.205
2026-02-11 07:00:00,5061.205,5066.655,5051.01,5054.45
2026-02-11 08:00:00,5054.21,5058.72,5046.0,5052.12
2026-02-11 09:00:00,5052.38,5070.81,5046.19,5060.64
2026-02-11 10:00:00,5060.64,5101.76,5060.64,5094.12
2026-02-11 11:00:00,5094.12,5117.97,5084.29,5114.69
2026-02-11 12:00:00,5115.2,5120.71,5055.05,5084.94
2026-02-11 13:00:00,5084.99,5090.99,5023.45,5068.46
2026-02-11 14:00:00,5067.01,5081.99,5039.79,5061.11
2026-02-11 15:00:00,5061.14,5081.55,5041.35,5059.83
2026-02-11 16:00:00,5060.03,5076.98,5045.49,5075.07
2026-02-11 17:00:00,5075.81,5097.64,5069.5,5092.0
2026-02-11 18:00:00,5092.0,5093.29,5070.01,5082.98
2026-02-11 19:00:00,5083.66,5095.4,5079.19,5081.99
2026-02-11 20:00:00,5082.59,5089.25,5080.28,5086.24
2026-02-11 21:00:00,5087.71,5093.6,5071.43,5082.3
2026-02-11 22:00:00,5082.3,5088.25,5077.08,5082.54
2026-02-11 23:00:00,5082.54,5097.82,5056.83,5060.0
2026-02-12 00:00:00,5060.18,5065.35,5050.0,5062.04
2026-02-12 01:00:00,5060.36,5062.4,5046.54,5062.08
